{
    "Logistic Regression": {
        "conf_matrix": [
            [
                7783,
                1354
            ],
            [
                1167,
                7970
            ]
        ],
        "accuracy": 0.8620444347159899,
        "f1_score": 0.8620299869507145,
        "precision": 0.8621961466654203,
        "recall": 0.8620444347159899,
        "cv_scores": [
            0.8673050615595075,
            0.8569083447332422,
            0.866016052535571,
            0.8648303538854433,
            0.8677489967165268
        ],
        "cv_mean": 0.864561761886058,
        "cv_std": 0.003960960894361668
    },
    "Perceptron": {
        "conf_matrix": [
            [
                6678,
                2459
            ],
            [
                3028,
                6109
            ]
        ],
        "accuracy": 0.6997373317281383,
        "f1_score": 0.6994459382058045,
        "precision": 0.7005149456581863,
        "recall": 0.6997373317281383,
        "cv_scores": [
            0.7831281349749202,
            0.7768353853169174,
            0.8125684056913535,
            0.8439438161255016,
            0.8101970083910981
        ],
        "cv_mean": 0.8053345500999581,
        "cv_std": 0.023966538575346443
    },
    "SVC": {
        "conf_matrix": [
            [
                7678,
                1459
            ],
            [
                467,
                8670
            ]
        ],
        "accuracy": 0.8946043559155084,
        "f1_score": 0.8942928541949685,
        "precision": 0.8993111755832874,
        "recall": 0.8946043559155084,
        "cv_scores": [
            0.8950296397628819,
            0.8896488828089375,
            0.8930134987230938,
            0.8910069317767239,
            0.8952024808464064
        ],
        "cv_mean": 0.8927802867836085,
        "cv_std": 0.00218776047797587
    },
    "Ada Boost Classifier": {
        "conf_matrix": [
            [
                7912,
                1225
            ],
            [
                1175,
                7962
            ]
        ],
        "accuracy": 0.8686658640691693,
        "f1_score": 0.8686648808425226,
        "precision": 0.8686769043136573,
        "recall": 0.8686658640691693,
        "cv_scores": [
            0.8756953944368445,
            0.8660282717738258,
            0.866289675300985,
            0.8666545056548705,
            0.8715797154323239
        ],
        "cv_mean": 0.8692495125197699,
        "cv_std": 0.003817075535968734
    },
    "Gradient Boosting Classifier": {
        "conf_matrix": [
            [
                7745,
                1392
            ],
            [
                596,
                8541
            ]
        ],
        "accuracy": 0.891211557403962,
        "f1_score": 0.8910047498171797,
        "precision": 0.8942034035422537,
        "recall": 0.891211557403962,
        "cv_scores": [
            0.8969448244414044,
            0.8905608755129959,
            0.8890915724188252,
            0.8889091572418826,
            0.8959321415541773
        ],
        "cv_mean": 0.8922877142338571,
        "cv_std": 0.0034520274563224177
    },
    "XGB Classifier": {
        "conf_matrix": [
            [
                8142,
                995
            ],
            [
                165,
                8972
            ]
        ],
        "accuracy": 0.9365218343000985,
        "f1_score": 0.936390611238567,
        "precision": 0.940153898257895,
        "recall": 0.9365218343000985,
        "cv_scores": [
            0.932421340629275,
            0.9311445508435933,
            0.9286756658153958,
            0.9278547975191536,
            0.9334184604159066
        ],
        "cv_mean": 0.9307029630446649,
        "cv_std": 0.002132778853851776
    },
    "XGBRF Classifier": {
        "conf_matrix": [
            [
                7714,
                1423
            ],
            [
                572,
                8565
            ]
        ],
        "accuracy": 0.890828499507497,
        "f1_score": 0.8905912288579554,
        "precision": 0.8942484662502558,
        "recall": 0.890828499507497,
        "cv_scores": [
            0.8942088463292294,
            0.8858185134518923,
            0.8904596862458957,
            0.8862641371762131,
            0.894837650492521
        ],
        "cv_mean": 0.8903177667391503,
        "cv_std": 0.0038017149667782493
    },
    "Random Forest Classifier": {
        "conf_matrix": [
            [
                8549,
                588
            ],
            [
                5,
                9132
            ]
        ],
        "accuracy": 0.9675495239137573,
        "f1_score": 0.9675164616033671,
        "precision": 0.9694608254891944,
        "recall": 0.9675495239137573,
        "cv_scores": [
            0.9593251253989968,
            0.9586867305061559,
            0.9578620941262314,
            0.95777088653776,
            0.9596862458956585
        ],
        "cv_mean": 0.9586662164929607,
        "cv_std": 0.0007646267406929123
    },
    "K Neighbors Classifier": {
        "conf_matrix": [
            [
                7839,
                1298
            ],
            [
                112,
                9025
            ]
        ],
        "accuracy": 0.922841195140637,
        "f1_score": 0.9225148171992102,
        "precision": 0.9300875398383927,
        "recall": 0.922841195140637,
        "cv_scores": [
            0.9104423164614683,
            0.906703146374829,
            0.9086099963516965,
            0.9055089383436702,
            0.9052353155782561
        ],
        "cv_mean": 0.9072999426219839,
        "cv_std": 0.00197064969170365
    }
}